<package version="0.0">
  <name>org.openxtalk.widget.pianowidget</name>
  <title>Piano Widget</title>
  <author>Paul McClernan, Bernd Niggemann</author>
  <version>1.3.6</version>
  <license>community</license>
  <type>widget</type>
  <requires name="com.livecode.canvas"/>
  <requires name="com.livecode.library.widgetutils"/>
  <requires name="com.livecode.byte"/>
  <requires name="com.livecode.char"/>
  <requires name="com.livecode.list"/>
  <requires name="com.livecode.arithmetic"/>
  <requires name="com.livecode.binary"/>
  <requires name="com.livecode.string"/>
  <requires name="com.livecode.logic"/>
  <requires name="com.livecode.type"/>
  <requires name="com.livecode.typeconvert"/>
  <requires name="com.livecode.array"/>
  <requires name="com.livecode.widget"/>
  <requires name="com.livecode.sort"/>
  <requires name="com.livecode.engine"/>
  <metadata key="preferredSize">600,100</metadata>
  <metadata key="_ide">true</metadata>
  <metadata key="userVisible">true</metadata>
  <metadata key="svgicon">M0,0v69.6c0,1.4,1.1,2.5,2.4,2.5h9.7c0.8,0,1.5-0.4,2-1.1c0.4,0.7,1.1,1.1,2,1.1h9.8c0.8,0,1.5-0.4,1.9-1.1 c0.4,0.6,1.1,1.1,1.9,1.1h9.8c0.8,0,1.5-0.4,1.9-1.1c0.4,0.6,1.1,1.1,1.9,1.1h9.8c0.8,0,1.5-0.4,2-1.1c0.4,0.7,1.1,1.1,2,1.1h9.7 c0.8,0,1.5-0.4,1.9-1.1c0.4,0.6,1.1,1.1,1.9,1.1h9.7c0.8,0,1.5-0.4,1.9-1.1c0.4,0.6,1.1,1.1,1.9,1.1H94c1.3,0,2.4-1.1,2.4-2.5V0H0z M95.4,69.6c0,0.8-0.6,1.5-1.4,1.5h-9.8c-0.8,0-1.4-0.7-1.4-1.5V46.9h2.5c1,0,1.9-0.9,1.9-2V1h8.1L95.4,69.6z M80.4,71.1h-9.7 c-0.8,0-1.4-0.7-1.4-1.5V46.9h2.5c1,0,1.9-0.9,1.9-2V1h3.6v43.9c0,1.1,0.9,2,1.9,2h2.5v22.7C81.8,70.4,81.2,71.1,80.4,71.1z M57,71.1c-0.8,0-1.4-0.7-1.4-1.5V46.9h2.5c1,0,1.9-0.9,1.9-2V1h3.7v43.9c0,1.1,0.9,2,1.9,2h2.5v22.7c0,0.8-0.6,1.5-1.4,1.5 L57,71.1z M53.1,71.1h-9.8c-0.8,0-1.4-0.7-1.4-1.5V1H50v43.9c0,1.1,0.9,2,1.9,2h2.5v22.7C54.5,70.4,53.8,71.1,53.1,71.1z M28.3,69.6V46.9h2.5c1,0,1.9-0.9,1.9-2V1h8.1v68.6c0,0.8-0.6,1.5-1.4,1.5h-9.8C28.9,71.1,28.3,70.4,28.3,69.6z M14.7,69.6V46.9 h2.5c1,0,1.9-0.9,1.9-2V1h3.7v43.6l0,0v0.3c0,1.1,0.9,2,1.9,2h2.5v22.7c0,0.8-0.6,1.5-1.4,1.5H16C15.3,71.1,14.7,70.4,14.7,69.6z M12.1,71.1H2.4c-0.8,0-1.4-0.7-1.4-1.5V1h8.1v43.9c0,1.1,0.9,2,1.9,2h2.5v22.7C13.5,70.4,12.9,71.1,12.1,71.1z</metadata>
  <property name="SVGIconPath" get="string"/>
  <metadata key="SVGIconPath.user_visible">false</metadata>
  <handler name="getChromaticNumberForNoteName" parameters="in string" return="optional number"/>
  <property name="lockToTonicWithScale" get="string" set="string"/>
  <metadata key="lockToTonicWithScale.user_visible">false</metadata>
  <property name="lockToScale" get="string" set="string"/>
  <metadata key="lockToScale.user_visible">false</metadata>
  <property name="hilitedNotesRefresh" get="boolean" set="boolean"/>
  <property name="hilitedNotes" get="string" set="string"/>
  <metadata key="hilitedNotes.user_visible">false</metadata>
  <property name="addHilitedNotes" get="any" set="string"/>
  <metadata key="addHilitedNotes.user_visible">false</metadata>
  <property name="unhiliteNotes" get="any" set="optional string"/>
  <metadata key="uhiliteNotes.user_visible">false</metadata>
  <property name="colorNotes" get="string" set="string"/>
  <metadata key="colorNotes.user_visible">false</metadata>
  <handler name="getSharpOrFlatToSharpAndFlat" parameters="in string" return="string"/>
  <property name="octaveCount" get="integer"/>
  <metadata key="octaveCount.label">Octave Count</metadata>
  <property name="lowOctave" get="string" set="string"/>
  <metadata key="lowOctave.editor">com.livecode.pi.enum</metadata>
  <metadata key="lowOctave.options">-1,0,1,2,3,4,5,6,7,8,9</metadata>
  <metadata key="lowOctave.default">3</metadata>
  <metadata key="lowOctave.label">Low Octave</metadata>
  <handler name="setLowOctave" parameters="in string" return="nothing"/>
  <handler name="getLowOctave" parameters="" return="string"/>
  <property name="highOctave" get="string" set="string"/>
  <metadata key="highOctave.editor">com.livecode.pi.enum</metadata>
  <metadata key="highOctave.options">-1,0,1,2,3,4,5,6,7,8,9</metadata>
  <metadata key="highOctave.default">6</metadata>
  <metadata key="highOctave.label">High Octave</metadata>
  <handler name="setHighOctave" parameters="in string" return="nothing"/>
  <handler name="getHighOctave" parameters="" return="string"/>
  <property name="chordFormula" get="string" set="string"/>
  <metadata key="chordFormula.editor">com.livecode.pi.string</metadata>
  <metadata key="chordFormula.default"></metadata>
  <metadata key="chordFormula.label">Chord Formula</metadata>
  <handler name="getChordFormula" parameters="" return="string"/>
  <property name="chordPresets" get="string"/>
  <metadata key="chordPresets.user_visible">false</metadata>
  <property name="chordPreset" get="string" set="string"/>
  <metadata key="chordPreset.editor">com.livecode.pi.enum</metadata>
  <metadata key="chordPreset.options">...,+Octave,-Octave,-Octave+Octave,PowerChord,Major Triad,Minor Triad,Minor 7th,Major 7th</metadata>
  <metadata key="chordPreset.default">...</metadata>
  <metadata key="chordPreset.label">Chord Presets</metadata>
  <property name="blackKeysColor" get="string" set="string"/>
  <metadata key="blackKeysColor.user_visible">false</metadata>
  <property name="accidentalsColor" get="string" set="string"/>
  <metadata key="accidentalsColor.editor">com.livecode.pi.colorwithalpha</metadata>
  <metadata key="accidentalsColor.label">Sharps and Flats fill</metadata>
  <metadata key="accidentalsColor.section">Colors</metadata>
  <metadata key="accidentalsColor.default">0,0,0,255</metadata>
  <handler name="setAccidentalsColor" parameters="in string" return="nothing"/>
  <handler name="getAccidentalsColor" parameters="" return="string"/>
  <property name="whiteKeysColor" get="string" set="string"/>
  <metadata key="whiteKeysColor.user_visible">false</metadata>
  <property name="naturalsColor" get="string" set="string"/>
  <metadata key="naturalsColor.editor">com.livecode.pi.colorwithalpha</metadata>
  <metadata key="naturalsColor.label">Naturals fill</metadata>
  <metadata key="naturalsColor.section">Colors</metadata>
  <metadata key="naturalsColor.default">255,255,255,255</metadata>
  <handler name="setNaturalsColor" parameters="in string" return="nothing"/>
  <handler name="getNaturalsColor" parameters="" return="string"/>
  <metadata key="hiliteColor.editor">com.livecode.pi.colorwithalpha</metadata>
  <metadata key="hiliteColor.section">Colors</metadata>
  <metadata key="hiliteColor.label">Hilite fill</metadata>
  <metadata key="hiliteColor.default"></metadata>
  <property name="borderWidth" get="number" set="number"/>
  <metadata key="borderWidth.editor">com.livecode.pi.number</metadata>
  <metadata key="borderWidth.label">Border width</metadata>
  <metadata key="borderWidth.step">0.5</metadata>
  <metadata key="borderWidth.default">0.5</metadata>
  <metadata key="borderWidth.min">0.5</metadata>
  <metadata key="borderWidth.max">25</metadata>
  <handler name="setBorderWidth" parameters="in number" return="nothing"/>
  <metadata key="borderColor.editor">com.livecode.pi.color</metadata>
  <metadata key="borderColor.section">Colors</metadata>
  <metadata key="borderColor.label">Borders fill</metadata>
  <metadata key="borderColor.default"></metadata>
  <handler name="OnStopEditing" parameters="" return="any"/>
  <handler name="OnSave" parameters="out array" return="any"/>
  <handler name="OnLoad" parameters="in array" return="any"/>
  <handler name="OnMouseUp" parameters="" return="any"/>
  <handler name="OnMouseDown" parameters="" return="any"/>
  <handler name="OnMouseMove" parameters="" return="any"/>
  <handler name="OnMouseCancel" parameters="" return="any"/>
  <handler name="hitTestPath" parameters="in Point,in Path,in number,in boolean" return="boolean"/>
  <handler name="unhighlightChordFormula" parameters="in integer" return="optional any"/>
  <handler name="highlightChordFormula" parameters="in integer" return="optional any"/>
  <handler name="getOctaveFromNoteNumber" parameters="in integer" return="optional any"/>
  <handler name="OnCreate" parameters="" return="any"/>
  <handler name="OnGeometryChanged" parameters="" return="any"/>
  <handler name="OnPaint" parameters="" return="any"/>
  <handler name="OnOpen" parameters="" return="any"/>
</package>