<package version="0.0">
  <name>community.livecode.berndn.piano</name>
  <title>PianoBN</title>
  <author>Bernd Niggemann</author>
  <version>0.0.1</version>
  <license>community</license>
  <type>widget</type>
  <requires name="com.livecode.canvas"/>
  <requires name="com.livecode.list"/>
  <requires name="com.livecode.widget"/>
  <requires name="com.livecode.type"/>
  <requires name="com.livecode.arithmetic"/>
  <requires name="com.livecode.binary"/>
  <requires name="com.livecode.logic"/>
  <requires name="com.livecode.string"/>
  <requires name="com.livecode.char"/>
  <requires name="com.livecode.array"/>
  <requires name="com.livecode.mathfoundation"/>
  <metadata key="preferredSize">200,100</metadata>
  <metadata key="svgicon">M0,0v69.6c0,1.4,1.1,2.5,2.4,2.5h9.7c0.8,0,1.5-0.4,2-1.1c0.4,0.7,1.1,1.1,2,1.1h9.8c0.8,0,1.5-0.4,1.9-1.1 c0.4,0.6,1.1,1.1,1.9,1.1h9.8c0.8,0,1.5-0.4,1.9-1.1c0.4,0.6,1.1,1.1,1.9,1.1h9.8c0.8,0,1.5-0.4,2-1.1c0.4,0.7,1.1,1.1,2,1.1h9.7 c0.8,0,1.5-0.4,1.9-1.1c0.4,0.6,1.1,1.1,1.9,1.1h9.7c0.8,0,1.5-0.4,1.9-1.1c0.4,0.6,1.1,1.1,1.9,1.1H94c1.3,0,2.4-1.1,2.4-2.5V0H0z M95.4,69.6c0,0.8-0.6,1.5-1.4,1.5h-9.8c-0.8,0-1.4-0.7-1.4-1.5V46.9h2.5c1,0,1.9-0.9,1.9-2V1h8.1L95.4,69.6z M80.4,71.1h-9.7 c-0.8,0-1.4-0.7-1.4-1.5V46.9h2.5c1,0,1.9-0.9,1.9-2V1h3.6v43.9c0,1.1,0.9,2,1.9,2h2.5v22.7C81.8,70.4,81.2,71.1,80.4,71.1z M57,71.1c-0.8,0-1.4-0.7-1.4-1.5V46.9h2.5c1,0,1.9-0.9,1.9-2V1h3.7v43.9c0,1.1,0.9,2,1.9,2h2.5v22.7c0,0.8-0.6,1.5-1.4,1.5 L57,71.1z M53.1,71.1h-9.8c-0.8,0-1.4-0.7-1.4-1.5V1H50v43.9c0,1.1,0.9,2,1.9,2h2.5v22.7C54.5,70.4,53.8,71.1,53.1,71.1z M28.3,69.6V46.9h2.5c1,0,1.9-0.9,1.9-2V1h8.1v68.6c0,0.8-0.6,1.5-1.4,1.5h-9.8C28.9,71.1,28.3,70.4,28.3,69.6z M14.7,69.6V46.9 h2.5c1,0,1.9-0.9,1.9-2V1h3.7v43.6l0,0v0.3c0,1.1,0.9,2,1.9,2h2.5v22.7c0,0.8-0.6,1.5-1.4,1.5H16C15.3,71.1,14.7,70.4,14.7,69.6z M12.1,71.1H2.4c-0.8,0-1.4-0.7-1.4-1.5V1h8.1v43.9c0,1.1,0.9,2,1.9,2h2.5v22.7C13.5,70.4,12.9,71.1,12.1,71.1z</metadata>
  <property name="Octaves" get="number" set="number"/>
  <metadata key="Octaves.label">how many octaves</metadata>
  <metadata key="Octaves.editor">com.livecode.pi.integer</metadata>
  <metadata key="Octaves.default">1</metadata>
  <metadata key="Octaves.step">1</metadata>
  <metadata key="Octaves.min">1</metadata>
  <metadata key="Octaves.max">11</metadata>
  <handler name="OnCreate" parameters="" return="nothing"/>
  <handler name="OnLoad" parameters="in array" return="any"/>
  <handler name="OnSave" parameters="out array" return="any"/>
  <handler name="OnPaint" parameters="" return="nothing"/>
  <handler name="OnMouseDown" parameters="" return="nothing"/>
  <handler name="OnMouseUp" parameters="" return="any"/>
  <handler name="onMouseCancel" parameters="" return="any"/>
  <handler name="OnMouseMove" parameters="" return="any"/>
  <handler name="OnGeometryChanged" parameters="" return="nothing"/>
</package>